{"172.220.14.16": {"score": 0, "ts": 1779526788.3719969}, "172.120.56.60": {"score": 0, "ts": 1779526822.3683987}, "100.32.14.67": {"score": 0, "ts": 1779526985.2743351}, "193.151.233.69": {"score": 0, "ts": 1779527175.9308155}, "183.151.233.69": {"score": 0, "ts": 1779527190.757013}, "183.251.233.69": {"score": 100, "ts": 1779527208.7127502}, "172.191.43.176": {"score": 0, "ts": 1779527236.140052}, "176.191.43.176": {"score": 100, "ts": 1779527250.2220283}, "192.168.75.43": {"score": 0, "ts": 1781415344.1242242}, "209.99.185.239": {"score": 100, "ts": 1781678516.7730787}, "59.98.36.178": {"score": 3, "ts": 1781754459.1747568}}